{"stats":{"minecraft:picked_up":{"minecraft:music_disc_5":1,"minecraft:music_disc_strad":4,"minecraft:azure_bluet":2,"minecraft:ladder":15,"minecraft:lead":36,"minecraft:brown_mushroom":1,"minecraft:music_disc_cat":3,"minecraft:moss_carpet":1,"minecraft:blue_orchid":1,"minecraft:dark_oak_leaves":3,"minecraft:redstone_torch":2,"minecraft:written_book":6,"minecraft:poppy":4,"minecraft:lectern":1,"minecraft:birch_sapling":114,"minecraft:tipped_arrow":1,"minecraft:stick":4,"minecraft:music_disc_blocks":1,"minecraft:music_disc_relic":1,"minecraft:oak_fence":3,"minecraft:torch":6,"minecraft:music_disc_mellohi":4,"minecraft:stone_button":16,"minecraft:music_disc_pigstep":3,"minecraft:green_terracotta":1,"minecraft:command_block":2,"minecraft:arrow":11,"minecraft:bamboo_sign":1,"minecraft:yellow_terracotta":1,"minecraft:white_terracotta":4,"minecraft:rabbit_spawn_egg":1,"minecraft:birch_log":1,"minecraft:water_bucket":2,"minecraft:music_disc_stal":3,"minecraft:torchflower":1,"minecraft:paper":1,"minecraft:white_banner":2,"minecraft:name_tag":22,"minecraft:apple":2,"minecraft:music_disc_far":1,"minecraft:tall_grass":1,"minecraft:music_disc_chirp":4,"minecraft:music_disc_13":4,"minecraft:dandelion":3,"minecraft:oak_pressure_plate":1,"minecraft:spruce_sapling":109,"minecraft:grass_block":6,"minecraft:lily_of_the_valley":1,"minecraft:red_terracotta":1,"minecraft:music_disc_mall":3,"minecraft:lever":3,"minecraft:writable_book":5,"minecraft:bone_meal":83,"minecraft:oak_sapling":185,"minecraft:sunflower":2},"minecraft:dropped":{"minecraft:water_bucket":2,"minecraft:oak_fence":2,"minecraft:yellow_terracotta":1,"minecraft:lead":1,"minecraft:command_block":1,"minecraft:grass_block":5,"minecraft:dark_oak_leaves":2,"minecraft:writable_book":1,"minecraft:bone_meal":2,"minecraft:lever":2,"minecraft:green_terracotta":1,"minecraft:name_tag":2,"minecraft:white_terracotta":2,"minecraft:tipped_arrow":1,"minecraft:oak_sapling":1,"minecraft:written_book":1,"minecraft:lectern":1},"minecraft:used":{"minecraft:azalea":1,"minecraft:oak_fence":56,"minecraft:oak_trapdoor":4,"minecraft:cherry_sapling":41,"minecraft:writable_book":52,"minecraft:white_tulip":20,"minecraft:armor_stand":2,"minecraft:tadpole_spawn_egg":10,"minecraft:red_concrete":1,"minecraft:spruce_slab":8,"minecraft:redstone":3,"minecraft:ladder":27,"minecraft:bamboo_sign":19,"minecraft:oak_sign":4,"minecraft:spruce_planks":48,"minecraft:decorated_pot":3,"minecraft:chest":33,"minecraft:white_terracotta":177,"minecraft:brown_concrete":126,"minecraft:stone":13,"minecraft:green_terracotta":6,"minecraft:torch":18,"minecraft:anvil":4,"minecraft:lily_of_the_valley":43,"minecraft:allium":8,"minecraft:pink_terracotta":5,"minecraft:oak_wood":145,"minecraft:azure_bluet":4,"minecraft:oak_fence_gate":3,"minecraft:fern":50,"minecraft:mossy_cobblestone_stairs":2,"minecraft:frog_spawn_egg":6,"minecraft:brown_terracotta":160,"minecraft:flowering_azalea":1,"minecraft:red_tulip":29,"minecraft:bookshelf":2,"minecraft:villager_spawn_egg":2,"minecraft:quartz_slab":4,"minecraft:spruce_wood":1,"minecraft:lantern":10,"minecraft:grass_block":652,"minecraft:blue_orchid":23,"minecraft:birch_sapling":53,"minecraft:spruce_button":2,"minecraft:quartz_block":251,"minecraft:dark_oak_leaves":389,"minecraft:smooth_quartz":37,"minecraft:purple_concrete":10,"minecraft:glowstone":1,"minecraft:redstone_lamp":25,"minecraft:bow":144,"minecraft:tall_grass":53,"minecraft:written_book":64,"minecraft:oak_sapling":37,"minecraft:salmon_spawn_egg":16,"minecraft:pearlescent_froglight":8,"minecraft:cherry_fence":85,"minecraft:large_fern":2,"minecraft:short_grass":105,"minecraft:water_bucket":463,"minecraft:pink_tulip":5,"minecraft:torchflower":22,"minecraft:warped_hanging_sign":6,"minecraft:birch_leaves":31,"minecraft:beacon":14,"minecraft:sugar_cane":15,"minecraft:leather_boots":1,"minecraft:diamond_block":34,"minecraft:rabbit_spawn_egg":2,"minecraft:lime_terracotta":15,"minecraft:yellow_terracotta":10,"minecraft:vine":4,"minecraft:light_blue_concrete":9,"minecraft:oak_slab":2,"minecraft:crafting_table":1,"minecraft:red_bed":3,"minecraft:birch_sign":3,"minecraft:light_gray_terracotta":123,"minecraft:yellow_concrete":11,"minecraft:crossbow":4,"minecraft:painting":54,"minecraft:mangrove_sign":2,"minecraft:redstone_torch":17,"minecraft:oak_log":93,"minecraft:black_terracotta":57,"minecraft:gray_terracotta":1,"minecraft:netherite_block":40,"minecraft:lever":44,"minecraft:flower_pot":2,"minecraft:cherry_hanging_sign":8,"minecraft:oxeye_daisy":4,"minecraft:acacia_sign":1,"minecraft:command_block":95,"minecraft:stone_button":48,"minecraft:lectern":20,"minecraft:red_terracotta":9,"minecraft:oak_pressure_plate":21,"minecraft:spruce_sapling":9,"minecraft:cat_spawn_egg":1,"minecraft:flowering_azalea_leaves":7,"minecraft:lilac":2,"minecraft:yellow_wool":28,"minecraft:crimson_sign":5,"minecraft:cod_spawn_egg":15,"minecraft:white_banner":4,"minecraft:birch_log":94,"minecraft:goat_spawn_egg":7,"minecraft:white_concrete":4,"minecraft:dandelion":41,"minecraft:bone_meal":726,"minecraft:jukebox":2},"minecraft:crafted":{"minecraft:writable_book":1},"minecraft:killed":{"minecraft:villager":1},"minecraft:custom":{"minecraft:interact_with_anvil":6,"minecraft:mob_kills":1,"minecraft:interact_with_crafting_table":1,"minecraft:time_since_death":1616376,"minecraft:leave_game":77,"minecraft:climb_one_cm":52566,"minecraft:sprint_one_cm":520798,"minecraft:walk_one_cm":1800774,"minecraft:drop":28,"minecraft:talked_to_villager":30,"minecraft:sneak_time":104,"minecraft:play_time":1894296,"minecraft:deaths":1,"minecraft:walk_under_water_one_cm":2673,"minecraft:interact_with_lectern":49,"minecraft:jump":1159,"minecraft:walk_on_water_one_cm":19107,"minecraft:total_world_time":9186598,"minecraft:pot_flower":2,"minecraft:sleep_in_bed":13,"minecraft:time_since_rest":84025,"minecraft:damage_dealt":100,"minecraft:fly_one_cm":5695805,"minecraft:open_chest":144,"minecraft:horse_one_cm":58754}},"DataVersion":3700}